dataset,type,param,k,k_used,seed,N_SAMPLES,SUBSAMPLE,N_NULLS,GEODESIC_MAX_K,GEODESIC_PCT,ALPHA,DELTA_MIN,LOBS_MULT,Lobs,null_med,null_max,TSR,pperm,pct,zrob,delta,zero_frac,null_collapsed,zrob_collapsed,fallback,separation_flag,formal_trigger,nominal_trigger
helix_p12,helix,12.0,6,6,101,1200,600,200,50,95.0,0.05,0.001,5.0,0.0010193707421422005,0.07163180224597454,0.25231096893548965,0.014230700752545351,1.0,0.0,-2.24396396667223,-0.25129159819334745,0.0,False,False,False,False,False,False
helix_p12,helix,12.0,6,6,202,1200,600,200,50,95.0,0.05,0.001,5.0,0.0014948369935154915,0.06576843559741974,0.26286204531788826,0.022728790489147787,1.0,0.0,-2.423819047998212,-0.26136720832437277,0.0,False,False,False,False,False,False
helix_p12,helix,12.0,6,6,303,1200,600,200,50,95.0,0.05,0.001,5.0,0.0028176233172416687,0.06766066700220108,0.3425869345664978,0.041643445771948485,1.0,0.0,-2.1524534306704153,-0.33976931124925613,0.0,False,False,False,False,False,False
helix_p12,helix,12.0,6,6,404,1200,600,200,50,95.0,0.05,0.001,5.0,0.0008693402633070946,0.07082050293684006,0.3422292619943619,0.012275262491006652,1.0,0.0,-2.100336591763743,-0.3413599217310548,0.0,False,False,False,False,False,False
helix_p12,helix,12.0,8,8,101,1200,600,200,50,95.0,0.05,0.001,5.0,0.0012560561299324036,0.06879736669361591,0.32856129854917526,0.01825732859090234,1.0,0.0,-2.18759594644697,-0.32730524241924286,0.0,False,False,False,False,False,False
helix_p12,helix,12.0,8,8,202,1200,600,200,50,95.0,0.05,0.001,5.0,0.0019224947318434715,0.06772156991064548,0.3074042834341526,0.02838821861855386,1.0,0.0,-2.1968914629961778,-0.30548178870230913,0.0,False,False,False,False,False,False
helix_p12,helix,12.0,8,8,303,1200,600,200,50,95.0,0.05,0.001,5.0,0.0018732734024524689,0.0690163616091013,0.23447852209210396,0.02714245374213257,1.0,0.0,-2.4991084512930954,-0.2326052486896515,0.0,False,False,False,False,False,False
helix_p12,helix,12.0,8,8,404,1200,600,200,50,95.0,0.05,0.001,5.0,0.0020534461364150047,0.06612768955528736,0.35136479139328003,0.031052742810061852,1.0,0.0,-2.200020731651886,-0.349311345256865,0.0,False,False,False,False,False,False
helix_p12,helix,12.0,10,10,101,1200,600,200,50,95.0,0.05,0.001,5.0,0.0010157888755202293,0.0630397330969572,0.2235141508281231,0.016113470435253886,1.0,0.0,-2.1149277009696106,-0.22249836195260286,0.0,False,False,False,False,False,False
helix_p12,helix,12.0,10,10,202,1200,600,200,50,95.0,0.05,0.001,5.0,0.0007219091057777405,0.060295162722468376,0.17751777917146683,0.011972919106108582,1.0,0.0,-2.243936383596198,-0.1767958700656891,0.0,False,False,False,False,False,False
helix_p12,helix,12.0,10,10,303,1200,600,200,50,95.0,0.05,0.001,5.0,0.0011028684675693512,0.06321023404598236,0.2868063524365425,0.01744762512269169,1.0,0.0,-2.4157349823435963,-0.28570348396897316,0.0,False,False,False,False,False,False
helix_p12,helix,12.0,10,10,404,1200,600,200,50,95.0,0.05,0.001,5.0,0.0023440467193722725,0.0633302666246891,0.3161747306585312,0.037013056225180016,1.0,0.0,-2.086582295172384,-0.3138306839391589,0.0,False,False,False,False,False,False
helix_p12,helix,12.0,12,12,101,1200,600,200,50,95.0,0.05,0.001,5.0,0.0006008576601743698,0.06357140466570854,0.22416925430297852,0.009451697084947858,1.0,0.0,-2.6489119011751403,-0.22356839664280415,0.0,False,False,False,False,False,False
helix_p12,helix,12.0,12,12,202,1200,600,200,50,95.0,0.05,0.001,5.0,0.0020973971113562584,0.05945537053048611,0.2079322189092636,0.03527683189268038,1.0,0.0,-2.090944454438761,-0.20583482179790735,0.0,False,False,False,False,False,False
helix_p12,helix,12.0,12,12,303,1200,600,200,50,95.0,0.05,0.001,5.0,0.002193458378314972,0.06217746064066887,0.24350358545780182,0.03527738758834102,1.0,0.0,-2.3005616755426606,-0.24131012707948685,0.0,False,False,False,False,False,False
helix_p12,helix,12.0,12,12,404,1200,600,200,50,95.0,0.05,0.001,5.0,0.001868104562163353,0.06565565802156925,0.3277802914381027,0.028453062819371766,1.0,0.0,-2.2660964661817506,-0.32591218687593937,0.0,False,False,False,False,False,False
helix_p12,helix,12.0,14,14,101,1200,600,200,50,95.0,0.05,0.001,5.0,0.0014844192191958427,0.06901409849524498,0.40425726771354675,0.021508927183575527,1.0,0.0,-2.215027908525974,-0.4027728484943509,0.0,False,False,False,False,False,False
helix_p12,helix,12.0,14,14,202,1200,600,200,50,95.0,0.05,0.001,5.0,0.0018119113519787788,0.059282999485731125,0.20708121359348297,0.03056375972312814,1.0,0.0,-2.241249666550653,-0.2052693022415042,0.0,False,False,False,False,False,False
helix_p12,helix,12.0,14,14,303,1200,600,200,50,95.0,0.05,0.001,5.0,0.0012938277795910835,0.0641433335840702,0.22328568249940872,0.020170884599802444,1.0,0.0,-2.0097030542365735,-0.22199185471981764,0.0,False,False,False,False,False,False
helix_p12,helix,12.0,14,14,404,1200,600,200,50,95.0,0.05,0.001,5.0,0.0016093412414193153,0.06158011965453625,0.2414201945066452,0.02613410383775749,1.0,0.0,-2.036782267052781,-0.2398108532652259,0.0,False,False,False,False,False,False
helix_p12,helix,12.0,16,16,101,1200,600,200,50,95.0,0.05,0.001,5.0,0.002055676653981209,0.0617595836520195,0.4436614066362381,0.03328514430295555,1.0,0.0,-1.9168421516286076,-0.4416057299822569,0.0,False,False,False,False,False,False
helix_p12,helix,12.0,16,16,202,1200,600,200,50,95.0,0.05,0.001,5.0,0.0017885901033878326,0.057635191828012466,0.2078436017036438,0.03103295133803112,1.0,0.0,-2.121055983104354,-0.20605501160025597,0.0,False,False,False,False,False,False
helix_p12,helix,12.0,16,16,303,1200,600,200,50,95.0,0.05,0.001,5.0,0.001875266432762146,0.06165046989917755,0.3571755662560463,0.030417715157703046,1.0,0.0,-1.7422106928556975,-0.35530029982328415,0.0,False,False,False,False,False,False
helix_p12,helix,12.0,16,16,404,1200,600,200,50,95.0,0.05,0.001,5.0,0.00224114116281271,0.06181666627526283,0.26824938505887985,0.03625464292747363,1.0,0.0,-2.206859520049484,-0.26600824389606714,0.0,False,False,False,False,False,False
helix_p12,helix,12.0,20,20,101,1200,600,200,50,95.0,0.05,0.001,5.0,0.0016787303611636162,0.061647629365324974,0.28071819245815277,0.027231061087332305,1.0,0.0,-1.904169838436149,-0.27903946209698915,0.0,False,False,False,False,False,False
helix_p12,helix,12.0,20,20,202,1200,600,200,50,95.0,0.05,0.001,5.0,0.0012657707557082176,0.05525701865553856,0.33747705817222595,0.02290696795597819,1.0,0.0,-2.3025535437744113,-0.33621128741651773,0.0,False,False,False,False,False,False
helix_p12,helix,12.0,20,20,303,1200,600,200,50,95.0,0.05,0.001,5.0,0.0017781704664230347,0.05688177049160004,0.22081537172198296,0.03126081433513683,1.0,0.0,-1.9879437919646064,-0.21903720125555992,0.0,False,False,False,False,False,False
helix_p12,helix,12.0,20,20,404,1200,600,200,50,95.0,0.05,0.001,5.0,0.0017042765393853188,0.04957010596990585,0.2440047338604927,0.03438113568660936,1.0,0.0,-1.9411105024214457,-0.2423004573211074,0.0,False,False,False,False,False,False
helix_p15,helix,15.0,6,6,101,1200,600,200,50,95.0,0.05,0.001,5.0,0.0012548202648758888,0.04900741949677467,0.17927438020706177,0.025604699813522473,1.0,0.0,-2.302873296357683,-0.17801955994218588,0.0,False,False,False,False,False,False
helix_p15,helix,15.0,6,6,202,1200,600,200,50,95.0,0.05,0.001,5.0,0.0018118703737854958,0.0499243400990963,0.1964847706258297,0.03629232494916845,1.0,0.0,-2.183574660718501,-0.1946729002520442,0.0,False,False,False,False,False,False
helix_p15,helix,15.0,6,6,303,1200,600,200,50,95.0,0.05,0.001,5.0,0.0025879116728901863,0.04911234602332115,0.1588706634938717,0.05269370906469454,1.0,0.0,-1.862255388543247,-0.1562827518209815,0.0,False,False,False,False,False,False
helix_p15,helix,15.0,6,6,404,1200,600,200,50,95.0,0.05,0.001,5.0,0.000749954953789711,0.049318887293338776,0.17171479016542435,0.015206242373513503,1.0,0.0,-2.4529768904393334,-0.17096483521163464,0.0,False,False,False,False,False,False
helix_p15,helix,15.0,8,8,101,1200,600,200,50,95.0,0.05,0.001,5.0,0.0014544427394866943,0.04929131269454956,0.16016177460551262,0.029507080658819903,1.0,0.0,-2.530439954617391,-0.15870733186602592,0.0,False,False,False,False,False,False
helix_p15,helix,15.0,8,8,202,1200,600,200,50,95.0,0.05,0.001,5.0,0.0017988858744502068,0.04760054685175419,0.2386413849890232,0.037791285886164615,1.0,0.0,-2.1947949290895923,-0.236842499114573,0.0,False,False,False,False,False,False
helix_p15,helix,15.0,8,8,303,1200,600,200,50,95.0,0.05,0.001,5.0,0.002299714833498001,0.0479595921933651,0.1768222115933895,0.047951092331602455,1.0,0.0,-2.5948448458732485,-0.1745224967598915,0.0,False,False,False,False,False,False
helix_p15,helix,15.0,8,8,404,1200,600,200,50,95.0,0.05,0.001,5.0,0.0018445570021867752,0.04931381717324257,0.2071339562535286,0.03740446608846614,1.0,0.0,-2.660370143623769,-0.20528939925134182,0.0,False,False,False,False,False,False
helix_p15,helix,15.0,10,10,101,1200,600,200,50,95.0,0.05,0.001,5.0,0.000911075621843338,0.046155937016010284,0.14123103022575378,0.019739077586217582,1.0,0.0,-2.6056089543797354,-0.14031995460391045,0.0,False,False,False,False,False,False
helix_p15,helix,15.0,10,10,202,1200,600,200,50,95.0,0.05,0.001,5.0,0.0006497986614704132,0.045128876343369484,0.14548633620142937,0.014398733451990447,1.0,0.0,-2.5574011574160855,-0.14483653753995895,0.0,False,False,False,False,False,False
helix_p15,helix,15.0,10,10,303,1200,600,200,50,95.0,0.05,0.001,5.0,0.0010860525071620941,0.04753568023443222,0.1299091838300228,0.022847101414835137,1.0,0.0,-2.437790950139978,-0.12882313132286072,0.0,False,False,False,False,False,False
helix_p15,helix,15.0,10,10,404,1200,600,200,50,95.0,0.05,0.001,5.0,0.0020787687972187996,0.04851026087999344,0.2104262262582779,0.04285214631845593,1.0,0.0,-2.3029568809214793,-0.2083474574610591,0.0,False,False,False,False,False,False
helix_p15,helix,15.0,12,12,101,1200,600,200,50,95.0,0.05,0.001,5.0,0.0005692644044756889,0.04698098450899124,0.15596365183591843,0.012116910924985532,1.0,0.0,-2.234577161708402,-0.15539438743144274,0.0,False,False,False,False,False,False
helix_p15,helix,15.0,12,12,202,1200,600,200,50,95.0,0.05,0.001,5.0,0.001929950900375843,0.04691256023943424,0.18076972663402557,0.041139321548100155,1.0,0.0,-2.019390200787168,-0.17883977573364973,0.0,False,False,False,False,False,False
helix_p15,helix,15.0,12,12,303,1200,600,200,50,95.0,0.05,0.001,5.0,0.0019918037578463554,0.04685472324490547,0.16984505578875542,0.042510202170928726,1.0,0.0,-2.241634396713287,-0.16785325203090906,0.0,False,False,False,False,False,False
helix_p15,helix,15.0,12,12,404,1200,600,200,50,95.0,0.05,0.001,5.0,0.0016231648623943329,0.04621608182787895,0.15012335032224655,0.03512121318298491,1.0,0.0,-2.0469705991016607,-0.14850018545985222,0.0,False,False,False,False,False,False
helix_p15,helix,15.0,14,14,101,1200,600,200,50,95.0,0.05,0.001,5.0,0.0013211052864789963,0.049001267179846764,0.17105460911989212,0.02696063515262274,1.0,0.0,-2.062533778623091,-0.16973350383341312,0.0,False,False,False,False,False,False
helix_p15,helix,15.0,14,14,202,1200,600,200,50,95.0,0.05,0.001,5.0,0.002172243781387806,0.04121067561209202,0.15201665833592415,0.05271070539541741,1.0,0.0,-2.2448598794563743,-0.14984441455453634,0.0,False,False,False,False,False,False
helix_p15,helix,15.0,14,14,303,1200,600,200,50,95.0,0.05,0.001,5.0,0.0015731444582343102,0.044851552695035934,0.12377389892935753,0.03507447041790702,1.0,0.0,-1.9643766303259844,-0.12220075447112322,0.0,False,False,False,False,False,False
helix_p15,helix,15.0,14,14,404,1200,600,200,50,95.0,0.05,0.001,5.0,0.0019195275381207466,0.045504163950681686,0.16597092896699905,0.04218355797414463,1.0,0.0,-1.9054806503674433,-0.1640514014288783,0.0,False,False,False,False,False,False
helix_p15,helix,15.0,16,16,101,1200,600,200,50,95.0,0.05,0.001,5.0,0.0024140719324350357,0.04641522280871868,0.19720174372196198,0.0520103488963445,1.0,0.0,-1.818622469225775,-0.19478767178952694,0.0,False,False,False,False,False,False
helix_p15,helix,15.0,16,16,202,1200,600,200,50,95.0,0.05,0.001,5.0,0.0019623572006821632,0.03815435990691185,0.12496348097920418,0.05143205666189778,1.0,0.0,-1.8892584350930142,-0.12300112377852201,0.0,False,False,False,False,False,False
helix_p15,helix,15.0,16,16,303,1200,600,200,50,95.0,0.05,0.001,5.0,0.0019755251705646515,0.041079217568039894,0.13793712109327316,0.0480906231294323,1.0,0.0,-1.918105998738932,-0.1359615959227085,0.0,False,False,False,False,False,False
helix_p15,helix,15.0,16,16,404,1200,600,200,50,95.0,0.05,0.001,5.0,0.001971740275621414,0.04026372730731964,0.1789076142013073,0.04897063454962343,1.0,0.0,-2.0784528940281572,-0.17693587392568588,0.0,False,False,False,False,False,False
helix_p15,helix,15.0,20,20,101,1200,600,200,50,95.0,0.05,0.001,5.0,0.0015270067378878593,0.03929165378212929,0.1256416216492653,0.03886338677206589,1.0,0.0,-1.9257259734664685,-0.12411461491137743,0.0,False,False,False,False,False,False
helix_p15,helix,15.0,20,20,202,1200,600,200,50,95.0,0.05,0.001,5.0,0.0014996035024523735,0.03425433859229088,0.1336984559893608,0.04377849825849765,1.0,0.0,-1.8924250925473727,-0.13219885248690844,0.0,False,False,False,False,False,False
helix_p15,helix,15.0,20,20,303,1200,600,200,50,95.0,0.05,0.001,5.0,0.002214592881500721,0.03640460781753063,0.2666549012064934,0.06083276305406184,1.0,0.0,-2.0700052131211186,-0.26444030832499266,0.0,False,False,False,False,False,False
helix_p15,helix,15.0,20,20,404,1200,600,200,50,95.0,0.05,0.001,5.0,0.0014864029362797737,0.03517570719122887,0.13964419811964035,0.04225651891394396,1.0,0.0,-2.1770938412586482,-0.13815779518336058,0.0,False,False,False,False,False,False
helix_p18,helix,18.0,6,6,101,1200,600,200,50,95.0,0.05,0.001,5.0,0.0010672863572835922,0.035767313092947006,0.1915980763733387,0.029839712993823174,1.0,0.0,-2.547331593963801,-0.1905307900160551,0.0,False,False,False,False,False,False
helix_p18,helix,18.0,6,6,202,1200,600,200,50,95.0,0.05,0.001,5.0,0.0020705079659819603,0.040544829331338406,0.11616691201925278,0.05106712742604964,1.0,0.0,-2.0859731760362483,-0.11409640405327082,0.0,False,False,False,False,False,False
helix_p18,helix,18.0,6,6,303,1200,600,200,50,95.0,0.05,0.001,5.0,0.0023584235459566116,0.037139566615223885,0.10726512968540192,0.06350164422560517,1.0,0.0,-2.416306570487222,-0.1049067061394453,0.0,False,False,False,False,False,False
helix_p18,helix,18.0,6,6,404,1200,600,200,50,95.0,0.05,0.001,5.0,0.0006140964105725288,0.04040299728512764,0.10554227232933044,0.015199278564003436,1.0,0.0,-2.292570588685576,-0.10492817591875792,0.0,False,False,False,False,False,False
helix_p18,helix,18.0,8,8,101,1200,600,200,50,95.0,0.05,0.001,5.0,0.0013568401336669922,0.041602361015975475,0.13630114868283272,0.032614498324105824,1.0,0.0,-2.627662293445559,-0.13494430854916573,0.0,False,False,False,False,False,False
helix_p18,helix,18.0,8,8,202,1200,600,200,50,95.0,0.05,0.001,5.0,0.0016559427604079247,0.0348920002579689,0.14984501898288727,0.04745909515411828,1.0,0.0,-2.4162401834385467,-0.14818907622247934,0.0,False,False,False,False,False,False
helix_p18,helix,18.0,8,8,303,1200,600,200,50,95.0,0.05,0.001,5.0,0.0026566805317997932,0.03721916861832142,0.10725812241435051,0.07137936257986813,1.0,0.0,-2.525343988222075,-0.10460144188255072,0.0,False,False,False,False,False,False
helix_p18,helix,18.0,8,8,404,1200,600,200,50,95.0,0.05,0.001,5.0,0.0016193892806768417,0.036457886919379234,0.13001267239451408,0.044418078431518626,1.0,0.0,-2.628597532038046,-0.12839328311383724,0.0,False,False,False,False,False,False
helix_p18,helix,18.0,10,10,101,1200,600,200,50,95.0,0.05,0.001,5.0,0.0011658743023872375,0.03632601350545883,0.14109467715024948,0.03209474946046428,1.0,0.0,-2.1896833993259537,-0.13992880284786224,0.0,False,False,False,False,False,False
helix_p18,helix,18.0,10,10,202,1200,600,200,50,95.0,0.05,0.001,5.0,0.0007187109440565109,0.03383186925202608,0.10721956938505173,0.021243607282864695,1.0,0.0,-2.521484100492114,-0.10650085844099522,0.0,False,False,False,False,False,False
helix_p18,helix,18.0,10,10,303,1200,600,200,50,95.0,0.05,0.001,5.0,0.0010470971465110779,0.03609035536646843,0.11523546278476715,0.029013212417822943,1.0,0.0,-2.475568170997211,-0.11418836563825607,0.0,False,False,False,False,False,False
helix_p18,helix,18.0,10,10,404,1200,600,200,50,95.0,0.05,0.001,5.0,0.0017896201461553574,0.037088505923748016,0.11564430966973305,0.048252689115772636,1.0,0.0,-2.327690846045682,-0.11385468952357769,0.0,False,False,False,False,False,False
helix_p18,helix,18.0,12,12,101,1200,600,200,50,95.0,0.05,0.001,5.0,0.0003663357347249985,0.03620760701596737,0.14858435094356537,0.010117645569709389,1.0,0.0,-2.2459194444959243,-0.14821801520884037,0.0,False,False,False,False,False,False
helix_p18,helix,18.0,12,12,202,1200,600,200,50,95.0,0.05,0.001,5.0,0.0019894829019904137,0.0327293686568737,0.11839514970779419,0.060785862470701946,1.0,0.0,-2.04581805515747,-0.11640566680580378,0.0,False,False,False,False,False,False
helix_p18,helix,18.0,12,12,303,1200,600,200,50,95.0,0.05,0.001,5.0,0.0017037205398082733,0.03723125532269478,0.145126860588789,0.04576049142033598,1.0,0.0,-2.5314157195338063,-0.1434231400489807,0.0,False,False,False,False,False,False
helix_p18,helix,18.0,12,12,404,1200,600,200,50,95.0,0.05,0.001,5.0,0.0015493044629693031,0.034573836252093315,0.09419536590576172,0.04481147106811693,1.0,0.0,-2.22596830666502,-0.09264606144279242,0.0,False,False,False,False,False,False
helix_p18,helix,18.0,14,14,101,1200,600,200,50,95.0,0.05,0.001,5.0,0.0010601235553622246,0.03798932582139969,0.10536203533411026,0.02790582702936894,1.0,0.0,-2.0314533775048154,-0.10430191177874804,0.0,False,False,False,False,False,False
helix_p18,helix,18.0,14,14,202,1200,600,200,50,95.0,0.05,0.001,5.0,0.002513299696147442,0.031017038971185684,0.14414695277810097,0.081029646266403,1.0,0.0,-1.6905398507914708,-0.14163365308195353,0.0,False,False,False,False,False,False
helix_p18,helix,18.0,14,14,303,1200,600,200,50,95.0,0.05,0.001,5.0,0.0014932118356227875,0.033340226858854294,0.11640329286456108,0.0447870928383153,1.0,0.0,-1.9611935013353772,-0.1149100810289383,0.0,False,False,False,False,False,False
helix_p18,helix,18.0,14,14,404,1200,600,200,50,95.0,0.05,0.001,5.0,0.0018821638077497482,0.03073258325457573,0.12807829305529594,0.06124326718966172,1.0,0.0,-2.0815426506681813,-0.1261961292475462,0.0,False,False,False,False,False,False
helix_p18,helix,18.0,16,16,101,1200,600,200,50,95.0,0.05,0.001,5.0,0.002762359566986561,0.03008490428328514,0.13465241715312004,0.0918187919391015,1.0,0.0,-2.0404381642684126,-0.13189005758613348,0.0,False,False,False,False,False,False
helix_p18,helix,18.0,16,16,202,1200,600,200,50,95.0,0.05,0.001,5.0,0.0019181706011295319,0.027145253494381905,0.1138526052236557,0.07066320458034629,1.0,0.0,-1.9119662414707046,-0.11193443462252617,0.0,False,False,False,False,False,False
helix_p18,helix,18.0,16,16,303,1200,600,200,50,95.0,0.05,0.001,5.0,0.002032846212387085,0.029152145609259605,0.11080468446016312,0.06973230168251009,1.0,0.0,-1.8935188821854139,-0.10877183824777603,0.0,False,False,False,False,False,False
helix_p18,helix,18.0,16,16,404,1200,600,200,50,95.0,0.05,0.001,5.0,0.0016864147037267685,0.029502807185053825,0.10747500509023666,0.05716116073605186,1.0,0.0,-1.858687317764374,-0.1057885903865099,0.0,False,False,False,False,False,False
helix_p18,helix,18.0,20,20,101,1200,600,200,50,95.0,0.05,0.001,5.0,0.0013562645763158798,0.027247056365013123,0.10214864835143089,0.04977655413843638,1.0,0.0,-1.9937937538115964,-0.10079238377511501,0.0,False,False,False,False,False,False
helix_p18,helix,18.0,20,20,202,1200,600,200,50,95.0,0.05,0.001,5.0,0.0011906865984201431,0.024830052629113197,0.12131208926439285,0.04795344642065364,1.0,0.0,-2.1449166609510524,-0.12012140266597271,0.0,False,False,False,False,False,False
helix_p18,helix,18.0,20,20,303,1200,600,200,50,95.0,0.05,0.001,5.0,0.0021267468109726906,0.027313407510519028,0.14436223730444908,0.0778645729236005,1.0,0.0,-1.9368351925656646,-0.1422354904934764,0.0,False,False,False,False,False,False
helix_p18,helix,18.0,20,20,404,1200,600,200,50,95.0,0.05,0.001,5.0,0.001261184923350811,0.026076043024659157,0.12285482883453369,0.04836565586694995,1.0,0.0,-2.2546883504405675,-0.12159364391118288,0.0,False,False,False,False,False,False
helix_p22,helix,22.0,6,6,101,1200,600,200,50,95.0,0.05,0.001,5.0,0.0006219521164894104,0.028568262234330177,0.07881667837500572,0.02177073674856731,1.0,0.0,-2.4216312374151316,-0.07819472625851631,0.0,False,False,False,False,False,False
helix_p22,helix,22.0,6,6,202,1200,600,200,50,95.0,0.05,0.001,5.0,0.0019403276965022087,0.029201588593423367,0.09395380318164825,0.06644596372653348,1.0,0.0,-2.3961589933179637,-0.09201347548514605,0.0,False,False,False,False,False,False
helix_p22,helix,22.0,6,6,303,1200,600,200,50,95.0,0.05,0.001,5.0,0.002054985612630844,0.026045111007988453,0.08197943866252899,0.0789010118606001,1.0,0.0,-2.429604263120397,-0.07992445304989815,0.0,False,False,False,False,False,False
helix_p22,helix,22.0,6,6,404,1200,600,200,50,95.0,0.05,0.001,5.0,0.00041345134377479553,0.028952077962458134,0.11832484602928162,0.014280541254988094,1.0,0.0,-2.4539325025838408,-0.11791139468550682,0.0,False,False,False,False,False,False
helix_p22,helix,22.0,8,8,101,1200,600,200,50,95.0,0.05,0.001,5.0,0.0011318270117044449,0.02926959004253149,0.08765005692839622,0.03866904217042753,1.0,0.0,-2.9059829583268275,-0.08651822991669178,0.0,False,False,False,False,False,False
helix_p22,helix,22.0,8,8,202,1200,600,200,50,95.0,0.05,0.001,5.0,0.0014397073537111282,0.025238053873181343,0.07131939381361008,0.05704510184852075,1.0,0.0,-2.754458515651514,-0.06987968645989895,0.0,False,False,False,False,False,False
helix_p22,helix,22.0,8,8,303,1200,600,200,50,95.0,0.05,0.001,5.0,0.0027516288682818413,0.027850092388689518,0.0829075425863266,0.0988014269317301,1.0,0.0,-2.3763934618433553,-0.08015591371804476,0.0,False,False,False,False,False,False
helix_p22,helix,22.0,8,8,404,1200,600,200,50,95.0,0.05,0.001,5.0,0.0012438967823982239,0.028860682621598244,0.10736257955431938,0.04310004717020236,1.0,0.0,-2.8097711540174393,-0.10611868277192116,0.0,False,False,False,False,False,False
helix_p22,helix,22.0,10,10,101,1200,600,200,50,95.0,0.05,0.001,5.0,0.0009205751121044159,0.025507621467113495,0.07926398515701294,0.03609019811020821,1.0,0.0,-2.3202480016689697,-0.07834341004490852,0.0,False,False,False,False,False,False
helix_p22,helix,22.0,10,10,202,1200,600,200,50,95.0,0.05,0.001,5.0,0.0007012691348791122,0.025856444612145424,0.06471708044409752,0.02712163815912211,1.0,0.0,-2.386073577545026,-0.0640158113092184,0.0,False,False,False,False,False,False
helix_p22,helix,22.0,10,10,303,1200,600,200,50,95.0,0.05,0.001,5.0,0.0010501723736524582,0.026765160262584686,0.07773913070559502,0.03923654345090058,1.0,0.0,-2.447195350335028,-0.07668895833194256,0.0,False,False,False,False,False,False
helix_p22,helix,22.0,10,10,404,1200,600,200,50,95.0,0.05,0.001,5.0,0.0013996744528412819,0.02566770650446415,0.07910315319895744,0.05453056168237387,1.0,0.0,-2.307612359894145,-0.07770347874611616,0.0,False,False,False,False,False,False
helix_p22,helix,22.0,12,12,101,1200,600,200,50,95.0,0.05,0.001,5.0,0.0004125479608774185,0.02529521845281124,0.07914028316736221,0.016309325876379604,1.0,0.0,-2.2384406535731873,-0.0787277352064848,0.0,False,False,False,False,False,False
helix_p22,helix,22.0,12,12,202,1200,600,200,50,95.0,0.05,0.001,5.0,0.0013085408136248589,0.0243133082985878,0.10125695541501045,0.05381994081188217,1.0,0.0,-1.9076532219925806,-0.0999484146013856,0.0,False,False,False,False,False,False
helix_p22,helix,22.0,12,12,303,1200,600,200,50,95.0,0.05,0.001,5.0,0.0012162458151578903,0.025130759924650192,0.07142772153019905,0.048396698657588375,1.0,0.0,-1.9875745102709288,-0.07021147571504116,0.0,False,False,False,False,False,False
helix_p22,helix,22.0,12,12,404,1200,600,200,50,95.0,0.05,0.001,5.0,0.001791778951883316,0.025863301008939743,0.07672875747084618,0.06927881909562521,1.0,0.0,-1.893340551635401,-0.07493697851896286,0.0,False,False,False,False,False,False
helix_p22,helix,22.0,14,14,101,1200,600,200,50,95.0,0.05,0.001,5.0,0.0012868242338299751,0.024447966367006302,0.12492501735687256,0.052635225951307374,1.0,0.0,-1.8406153440619932,-0.12363819312304258,0.0,False,False,False,False,False,False
helix_p22,helix,22.0,14,14,202,1200,600,200,50,95.0,0.05,0.001,5.0,0.0023885508999228477,0.0191683666780591,0.08372307941317558,0.12460899459588658,1.0,0.0,-1.987079234892568,-0.08133452851325274,0.0,False,False,False,False,False,False
helix_p22,helix,22.0,14,14,303,1200,600,200,50,95.0,0.05,0.001,5.0,0.0014964621514081955,0.020512305200099945,0.0881744921207428,0.07295436260025762,1.0,0.0,-1.9795709777000208,-0.0866780299693346,0.0,False,False,False,False,False,False
helix_p22,helix,22.0,14,14,404,1200,600,200,50,95.0,0.05,0.001,5.0,0.0017035221680998802,0.019921007566154003,0.0829465389251709,0.08551385578050119,1.0,0.0,-1.8808797114574223,-0.08124301675707102,0.0,False,False,False,False,False,False
helix_p22,helix,22.0,16,16,101,1200,600,200,50,95.0,0.05,0.001,5.0,0.002670805901288986,0.018717842176556587,0.08083484694361687,0.14268770277865606,1.0,0.0,-1.982606163747411,-0.07816404104232788,0.0,False,False,False,False,False,False
helix_p22,helix,22.0,16,16,202,1200,600,200,50,95.0,0.05,0.001,5.0,0.0014306772500276566,0.018231142312288284,0.08768299221992493,0.0784743613670805,1.0,0.0,-2.2207123642629747,-0.08625231496989727,0.0,False,False,False,False,False,False
helix_p22,helix,22.0,16,16,303,1200,600,200,50,95.0,0.05,0.001,5.0,0.0019849706441164017,0.019379902631044388,0.12281005084514618,0.10242418044114843,1.0,0.0,-2.09929845580856,-0.12082508020102978,0.0,False,False,False,False,False,False
helix_p22,helix,22.0,16,16,404,1200,600,200,50,95.0,0.05,0.001,5.0,0.0012878850102424622,0.02021278813481331,0.07127417623996735,0.06371634638373165,1.0,0.0,-2.1792020146645426,-0.06998629122972488,0.0,False,False,False,False,False,False
helix_p22,helix,22.0,20,20,101,1200,600,200,50,95.0,0.05,0.001,5.0,0.001104544848203659,0.01972198858857155,0.08796944096684456,0.05600575434810425,1.0,0.0,-2.0669122924749104,-0.0868648961186409,0.0,False,False,False,False,False,False
helix_p22,helix,22.0,20,20,202,1200,600,200,50,95.0,0.05,0.001,5.0,0.0011204024776816368,0.017077593132853508,0.09898894280195236,0.06560657985583601,1.0,0.0,-2.4663766727856564,-0.09786854032427073,0.0,False,False,False,False,False,False
helix_p22,helix,22.0,20,20,303,1200,600,200,50,95.0,0.05,0.001,5.0,0.0017523439601063728,0.01843278296291828,0.08885378390550613,0.09506670607127221,1.0,0.0,-2.2436102019942052,-0.08710143994539976,0.0,False,False,False,False,False,False
helix_p22,helix,22.0,20,20,404,1200,600,200,50,95.0,0.05,0.001,5.0,0.0009548766538500786,0.017736069858074188,0.06061084195971489,0.05383811979977861,1.0,0.0,-2.349164443205364,-0.05965596530586481,0.0,False,False,False,False,False,False
circle_r2.0,circle,2.0,6,6,101,1200,600,200,50,95.0,0.05,0.001,5.0,1.2818727008998394,0.6592579670250416,1.7870838046073914,1.9444174587414638,0.014925373134328358,99.0,2.21785938046385,-0.505211103707552,0.0,False,False,False,False,True,True
circle_r2.0,circle,2.0,6,6,202,1200,600,200,50,95.0,0.05,0.001,5.0,1.2701973021030426,0.6605801284313202,1.553790144622326,1.922851214306821,0.01990049751243781,98.5,2.3163232214865395,-0.2835928425192833,0.0,False,False,False,False,True,True
circle_r2.0,circle,2.0,6,6,303,1200,600,200,50,95.0,0.05,0.001,5.0,0.021320875734090805,0.676098994910717,1.207654945552349,0.03153513892869316,1.0,0.0,-2.2235108095451976,-1.1863340698182583,0.0,False,False,False,False,False,False
circle_r2.0,circle,2.0,6,6,404,1200,600,200,50,95.0,0.05,0.001,5.0,1.2814528793096542,0.6431668326258659,1.8250121921300888,1.9924113220761974,0.014925373134328358,99.0,2.6762204984524716,-0.5435593128204346,0.0,False,False,False,False,True,True
circle_r2.0,circle,2.0,8,8,101,1200,600,200,50,95.0,0.05,0.001,5.0,1.2645673342049122,0.679661113768816,1.4247639030218124,1.860585089517405,0.01990049751243781,98.5,2.1309496621579602,-0.16019656881690025,0.0,False,False,False,False,True,True
circle_r2.0,circle,2.0,8,8,202,1200,600,200,50,95.0,0.05,0.001,5.0,1.2752750851213932,0.7223145999014378,1.6615971773862839,1.7655396766085627,0.009950248756218905,99.5,1.7830042444166871,-0.38632209226489067,0.0,False,False,False,False,True,True
circle_r2.0,circle,2.0,8,8,303,1200,600,200,50,95.0,0.05,0.001,5.0,1.2800125367939472,0.6447342187166214,1.310687780380249,1.9853336454514492,0.014925373134328358,99.0,2.2543748994121238,-0.030675243586301804,0.0,False,False,False,False,True,True
circle_r2.0,circle,2.0,8,8,404,1200,600,200,50,95.0,0.05,0.001,5.0,1.2816587537527084,0.6589633524417877,1.3635970503091812,1.9449621120834397,0.014925373134328358,99.0,2.3336858112911543,-0.08193829655647278,0.0,False,False,False,False,True,True
circle_r2.0,circle,2.0,10,10,101,1200,600,200,50,95.0,0.05,0.001,5.0,1.2825971394777298,0.6105936244130135,1.4636168479919434,2.100574077740556,0.014925373134328358,99.0,2.6074121771833725,-0.18101970851421356,0.0,False,False,False,False,True,True
circle_r2.0,circle,2.0,10,10,202,1200,600,200,50,95.0,0.05,0.001,5.0,1.2794658094644547,0.6414527297019958,1.411766156554222,1.9946377187557849,0.009950248756218905,99.5,2.0781591678397926,-0.13230034708976746,0.0,False,False,False,False,True,True
circle_r2.0,circle,2.0,10,10,303,1200,600,200,50,95.0,0.05,0.001,5.0,1.2800025157630444,0.6223506070673466,1.3356366157531738,2.0567225310386408,0.014925373134328358,99.0,2.699902062634347,-0.05563409999012947,0.0,False,False,False,False,True,True
circle_r2.0,circle,2.0,10,10,404,1200,600,200,50,95.0,0.05,0.001,5.0,1.2850145548582077,0.6463006362318993,1.3127266317605972,1.988261318058092,0.009950248756218905,99.5,2.4855049713048225,-0.027712076902389526,0.0,False,False,False,False,True,True
circle_r2.0,circle,2.0,12,12,101,1200,600,200,50,95.0,0.05,0.001,5.0,1.2769652791321278,0.6365628577768803,1.20627561211586,2.00603171160468,0.004975124378109453,100.0,2.33633336578693,0.07068966701626778,0.0,False,False,False,False,True,True
circle_r2.0,circle,2.0,12,12,202,1200,600,200,50,95.0,0.05,0.001,5.0,1.282224129885435,0.5869345292448997,1.2473135590553284,2.1846118536131303,0.004975124378109453,100.0,2.9051192369050645,0.034910570830106735,0.0,False,False,False,False,True,True
circle_r2.0,circle,2.0,12,12,303,1200,600,200,50,95.0,0.05,0.001,5.0,1.2835580743849277,0.5477518141269684,1.2882850617170334,2.34332053546619,0.009950248756218905,99.5,2.8427048982760943,-0.004726987332105637,0.0,False,False,False,False,True,True
circle_r2.0,circle,2.0,12,12,404,1200,600,200,50,95.0,0.05,0.001,5.0,1.2725170329213142,0.5856274664402008,1.30022444576025,2.172912142687351,0.009950248756218905,99.5,2.8408839463440687,-0.027707412838935852,0.0,False,False,False,False,True,True
circle_r2.0,circle,2.0,14,14,101,1200,600,200,50,95.0,0.05,0.001,5.0,1.281075369566679,0.5297743007540703,1.2343336194753647,2.4181531035778887,0.004975124378109453,100.0,3.2192256057274236,0.046741750091314316,0.0,False,False,False,False,True,True
circle_r2.0,circle,2.0,14,14,202,1200,600,200,50,95.0,0.05,0.001,5.0,1.2782437838613987,0.536911740899086,1.356049507856369,2.380733529347922,0.014925373134328358,99.0,3.0200679069937224,-0.07780572399497032,0.0,False,False,False,False,True,True
circle_r2.0,circle,2.0,14,14,303,1200,600,200,50,95.0,0.05,0.001,5.0,1.2849899530410767,0.5684035383164883,1.6332010477781296,2.260700130130666,0.01990049751243781,98.5,2.5396856279443596,-0.3482110947370529,0.0,False,False,False,False,True,True
circle_r2.0,circle,2.0,14,14,404,1200,600,200,50,95.0,0.05,0.001,5.0,1.2807442247867584,0.5902955085039139,1.2868914380669594,2.1696662202810866,0.009950248756218905,99.5,2.666957813607686,-0.006147213280200958,0.0,False,False,False,False,True,True
circle_r2.0,circle,2.0,16,16,101,1200,600,200,50,95.0,0.05,0.001,5.0,1.2818126864731312,0.5512537434697151,1.2251252382993698,2.325267994377305,0.004975124378109453,100.0,2.9471407546855883,0.05668744817376137,0.0,False,False,False,False,True,True
circle_r2.0,circle,2.0,16,16,202,1200,600,200,50,95.0,0.05,0.001,5.0,1.2843258008360863,0.5621789321303368,1.231209859251976,2.2845498602499053,0.004975124378109453,100.0,2.8436451116015466,0.05311594158411026,0.0,False,False,False,False,True,True
circle_r2.0,circle,2.0,16,16,303,1200,600,200,50,95.0,0.05,0.001,5.0,1.2762351520359516,0.5680690333247185,1.3723627626895905,2.2466198246440694,0.014925373134328358,99.0,2.7587693241873508,-0.09612761065363884,0.0,False,False,False,False,True,True
circle_r2.0,circle,2.0,16,16,404,1200,600,200,50,95.0,0.05,0.001,5.0,1.2838401980698109,0.5429239124059677,1.1911263763904572,2.364677938715404,0.004975124378109453,100.0,2.8372613627699956,0.09271382167935371,0.0,False,False,False,False,True,True
circle_r2.0,circle,2.0,20,20,101,1200,600,200,50,95.0,0.05,0.001,5.0,1.2826926372945309,0.477982260286808,1.4093955308198929,2.6835569933540664,0.009950248756218905,99.5,3.3581573980852744,-0.12670289352536201,0.0,False,False,False,False,True,True
circle_r2.0,circle,2.0,20,20,202,1200,600,200,50,95.0,0.05,0.001,5.0,1.2760562747716904,0.5382081791758537,1.2235050201416016,2.370934378446861,0.004975124378109453,100.0,2.5887014811921474,0.052551254630088806,0.0,False,False,False,False,True,True
circle_r2.0,circle,2.0,20,20,303,1200,600,200,50,95.0,0.05,0.001,5.0,1.280649695545435,0.5280131474137306,1.195269912481308,2.425412514471997,0.004975124378109453,100.0,3.132589180544722,0.08537978306412697,0.0,False,False,False,False,True,True
circle_r2.0,circle,2.0,20,20,404,1200,600,200,50,95.0,0.05,0.001,5.0,1.2814466655254364,0.49291250854730606,1.328373983502388,2.5997446672624926,0.014925373134328358,99.0,3.5040496981401046,-0.0469273179769516,0.0,False,False,False,False,True,True
circle_r3.0,circle,3.0,6,6,101,1200,600,200,50,95.0,0.05,0.001,5.0,1.291010968387127,0.6474395506083965,1.81777124106884,1.9940254919119087,0.014925373134328358,99.0,2.298104283933884,-0.5267602726817131,0.0,False,False,False,False,True,True
circle_r3.0,circle,3.0,6,6,202,1200,600,200,50,95.0,0.05,0.001,5.0,0.01653517223894596,0.6301865354180336,1.5290105566382408,0.0262385362263431,1.0,0.0,-2.4275503698873377,-1.5124753843992949,0.0,False,False,False,False,False,False
circle_r3.0,circle,3.0,6,6,303,1200,600,200,50,95.0,0.05,0.001,5.0,0.014965035021305084,0.6744379214942455,1.3475162535905838,0.02218889914749638,1.0,0.0,-2.431385854675198,-1.3325512185692787,0.0,False,False,False,False,False,False
circle_r3.0,circle,3.0,6,6,404,1200,600,200,50,95.0,0.05,0.001,5.0,1.2878578677773476,0.6322142854332924,1.8077628016471863,2.037059107091622,0.01990049751243781,98.5,2.8407483694279922,-0.5199049338698387,0.0,False,False,False,False,True,True
circle_r3.0,circle,3.0,8,8,101,1200,600,200,50,95.0,0.05,0.001,5.0,1.2934201285243034,0.660295881330967,1.382327288389206,1.9588493054283194,0.014925373134328358,99.0,2.1414700225491314,-0.0889071598649025,0.0,False,False,False,False,True,True
circle_r3.0,circle,3.0,8,8,202,1200,600,200,50,95.0,0.05,0.001,5.0,1.2912491224706173,0.7375086657702923,1.683058962225914,1.7508256952075525,0.014925373134328358,99.0,1.9641907294298484,-0.3918098397552967,0.0,False,False,False,False,True,True
circle_r3.0,circle,3.0,8,8,303,1200,600,200,50,95.0,0.05,0.001,5.0,1.2902824692428112,0.6363032162189484,1.3446587473154068,2.027779266790323,0.014925373134328358,99.0,2.3601049762129613,-0.054376278072595596,0.0,False,False,False,False,True,True
circle_r3.0,circle,3.0,8,8,404,1200,600,200,50,95.0,0.05,0.001,5.0,1.294986791908741,0.6688158623874187,1.3868610113859177,1.9362381557222546,0.014925373134328358,99.0,2.356461344763753,-0.09187421947717667,0.0,False,False,False,False,True,True
circle_r3.0,circle,3.0,10,10,101,1200,600,200,50,95.0,0.05,0.001,5.0,1.2903911024332047,0.6246783658862114,1.323983296751976,2.0656887974670006,0.009950248756218905,99.5,2.5454612768918143,-0.03359219431877136,0.0,False,False,False,False,True,True
circle_r3.0,circle,3.0,10,10,202,1200,600,200,50,95.0,0.05,0.001,5.0,1.2924876362085342,0.6541842147707939,1.4269069582223892,1.975724279222186,0.009950248756218905,99.5,2.191476451414949,-0.13441932201385498,0.0,False,False,False,False,True,True
circle_r3.0,circle,3.0,10,10,303,1200,600,200,50,95.0,0.05,0.001,5.0,1.2911715060472488,0.6317688450217247,1.3634807169437408,2.0437403905233813,0.01990049751243781,98.5,2.4341453398992203,-0.072309210896492,0.0,False,False,False,False,True,True
circle_r3.0,circle,3.0,10,10,404,1200,600,200,50,95.0,0.05,0.001,5.0,1.2890118844807148,0.6451889351010323,1.303364336490631,1.9978828128490245,0.009950248756218905,99.5,2.4088704787835153,-0.014352452009916306,0.0,False,False,False,False,True,True
circle_r3.0,circle,3.0,12,12,101,1200,600,200,50,95.0,0.05,0.001,5.0,1.2892526723444462,0.637899823486805,1.190422773361206,2.021089558067723,0.004975124378109453,100.0,2.383496246169956,0.09882989898324013,0.0,False,False,False,False,True,True
circle_r3.0,circle,3.0,12,12,202,1200,600,200,50,95.0,0.05,0.001,5.0,1.2908102832734585,0.5930499732494354,1.2418505102396011,2.176562417158006,0.004975124378109453,100.0,3.0541889313232287,0.048959773033857346,0.0,False,False,False,False,True,True
circle_r3.0,circle,3.0,12,12,303,1200,600,200,50,95.0,0.05,0.001,5.0,1.2955457232892513,0.5373647585511208,1.2994149774312973,2.410924242185101,0.009950248756218905,99.5,3.1937554950014726,-0.0038692541420459747,0.0,False,False,False,False,True,True
circle_r3.0,circle,3.0,12,12,404,1200,600,200,50,95.0,0.05,0.001,5.0,1.288812018930912,0.60042455047369,1.2971751242876053,2.1465012013782405,0.009950248756218905,99.5,2.651152537452958,-0.008363105356693268,0.0,False,False,False,False,True,True
circle_r3.0,circle,3.0,14,14,101,1200,600,200,50,95.0,0.05,0.001,5.0,1.290820512920618,0.5273891948163509,1.2307242900133133,2.447567234227588,0.004975124378109453,100.0,3.239268044710563,0.060096222907304764,0.0,False,False,False,False,True,True
circle_r3.0,circle,3.0,14,14,202,1200,600,200,50,95.0,0.05,0.001,5.0,1.2874269895255566,0.5421851575374603,1.4125487804412842,2.374515369196974,0.009950248756218905,99.5,3.263703520567786,-0.12512179091572762,0.0,False,False,False,False,True,True
circle_r3.0,circle,3.0,14,14,303,1200,600,200,50,95.0,0.05,0.001,5.0,1.2927103601396084,0.5854486897587776,1.639603778719902,2.2080677312131924,0.01990049751243781,98.5,2.5308966658285796,-0.34689341858029366,0.0,False,False,False,False,True,True
circle_r3.0,circle,3.0,14,14,404,1200,600,200,50,95.0,0.05,0.001,5.0,1.2926738299429417,0.5392655208706856,1.3000904470682144,2.3971008342113613,0.009950248756218905,99.5,3.315715593475261,-0.007416617125272751,0.0,False,False,False,False,True,True
circle_r3.0,circle,3.0,16,16,101,1200,600,200,50,95.0,0.05,0.001,5.0,1.2931468822062016,0.5562287867069244,1.1627682149410248,2.3248471008841056,0.004975124378109453,100.0,3.1398230279343804,0.13037866726517677,0.0,False,False,False,False,True,True
circle_r3.0,circle,3.0,16,16,202,1200,600,200,50,95.0,0.05,0.001,5.0,1.290453054010868,0.5599736571311951,1.227590948343277,2.3044888586718395,0.004975124378109453,100.0,2.916998514411366,0.0628621056675911,0.0,False,False,False,False,True,True
circle_r3.0,circle,3.0,16,16,303,1200,600,200,50,95.0,0.05,0.001,5.0,1.2860259599983692,0.5705397576093674,1.4090850800275803,2.254051436108018,0.009950248756218905,99.5,2.7761514138511822,-0.12305912002921104,0.0,False,False,False,False,True,True
circle_r3.0,circle,3.0,16,16,404,1200,600,200,50,95.0,0.05,0.001,5.0,1.2954134047031403,0.5386892929673195,1.2095332741737366,2.4047506078412515,0.004975124378109453,100.0,2.8473428762291073,0.08588013052940369,0.0,False,False,False,False,True,True
circle_r3.0,circle,3.0,20,20,101,1200,600,200,50,95.0,0.05,0.001,5.0,1.2955511137843132,0.4657037556171417,1.4269046038389206,2.78192112078781,0.009950248756218905,99.5,3.576601682192373,-0.1313534900546074,0.0,False,False,False,False,True,True
circle_r3.0,circle,3.0,20,20,202,1200,600,200,50,95.0,0.05,0.001,5.0,1.2868592999875546,0.5491482987999916,1.1850188970565796,2.3433730065216962,0.004975124378109453,100.0,2.614337074640126,0.10184040293097496,0.0,False,False,False,False,True,True
circle_r3.0,circle,3.0,20,20,303,1200,600,200,50,95.0,0.05,0.001,5.0,1.294768299907446,0.5274794027209282,1.172187089920044,2.4546329074199136,0.004975124378109453,100.0,3.1681131401365543,0.12258120998740196,0.0,False,False,False,False,True,True
circle_r3.0,circle,3.0,20,20,404,1200,600,200,50,95.0,0.05,0.001,5.0,1.2929218895733356,0.47939489036798477,1.3534119054675102,2.6969872135645594,0.014925373134328358,99.0,3.7573102658721647,-0.060490015894174576,0.0,False,False,False,False,True,True
